"filename", "language", "XML", "Python", "Markdown", "comment", "blank", "total"
"/Users/angaddhaliwal/github-classroom/Blacktown-Boys-HS/at2-the-object-oriented-paradigm-the-coding-conquerors-of-destiny/README.md", "Markdown", 0, 0, 79, 0, 29, 108
"/Users/angaddhaliwal/github-classroom/Blacktown-Boys-HS/at2-the-object-oriented-paradigm-the-coding-conquerors-of-destiny/assets/maps/Dungeon1.tmx", "XML", 6110, 0, 0, 0, 1, 6111
"/Users/angaddhaliwal/github-classroom/Blacktown-Boys-HS/at2-the-object-oriented-paradigm-the-coding-conquerors-of-destiny/assets/maps/Dungeon1.tmx 11-47-46-803.tmx", "XML", 6110, 0, 0, 0, 1, 6111
"/Users/angaddhaliwal/github-classroom/Blacktown-Boys-HS/at2-the-object-oriented-paradigm-the-coding-conquerors-of-destiny/assets/maps/Tiled_files/Dungeon1.tmx", "XML", 4861, 0, 0, 0, 1, 4862
"/Users/angaddhaliwal/github-classroom/Blacktown-Boys-HS/at2-the-object-oriented-paradigm-the-coding-conquerors-of-destiny/assets/maps/Tiled_files/Dungeon1.tmx 12-46-33-085.tmx", "XML", 6110, 0, 0, 0, 1, 6111
"/Users/angaddhaliwal/github-classroom/Blacktown-Boys-HS/at2-the-object-oriented-paradigm-the-coding-conquerors-of-destiny/camera.py", "Python", 0, 24, 0, 3, 11, 38
"/Users/angaddhaliwal/github-classroom/Blacktown-Boys-HS/at2-the-object-oriented-paradigm-the-coding-conquerors-of-destiny/challenges/cave.py", "Python", 0, 4, 0, 0, 0, 4
"/Users/angaddhaliwal/github-classroom/Blacktown-Boys-HS/at2-the-object-oriented-paradigm-the-coding-conquerors-of-destiny/globals.py", "Python", 0, 39, 0, 10, 10, 59
"/Users/angaddhaliwal/github-classroom/Blacktown-Boys-HS/at2-the-object-oriented-paradigm-the-coding-conquerors-of-destiny/main.py", "Python", 0, 199, 0, 18, 38, 255
"/Users/angaddhaliwal/github-classroom/Blacktown-Boys-HS/at2-the-object-oriented-paradigm-the-coding-conquerors-of-destiny/player.py", "Python", 0, 100, 0, 16, 25, 141
"/Users/angaddhaliwal/github-classroom/Blacktown-Boys-HS/at2-the-object-oriented-paradigm-the-coding-conquerors-of-destiny/pos.py", "Python", 0, 30, 0, 0, 9, 39
"/Users/angaddhaliwal/github-classroom/Blacktown-Boys-HS/at2-the-object-oriented-paradigm-the-coding-conquerors-of-destiny/scenes/__init__.py", "Python", 0, 0, 0, 3, 1, 4
"/Users/angaddhaliwal/github-classroom/Blacktown-Boys-HS/at2-the-object-oriented-paradigm-the-coding-conquerors-of-destiny/scenes/aesthetic.py", "Python", 0, 57, 0, 5, 15, 77
"/Users/angaddhaliwal/github-classroom/Blacktown-Boys-HS/at2-the-object-oriented-paradigm-the-coding-conquerors-of-destiny/scenes/credits.py", "Python", 0, 86, 0, 20, 22, 128
"/Users/angaddhaliwal/github-classroom/Blacktown-Boys-HS/at2-the-object-oriented-paradigm-the-coding-conquerors-of-destiny/scenes/dialogue.py", "Python", 0, 84, 0, 11, 16, 111
"/Users/angaddhaliwal/github-classroom/Blacktown-Boys-HS/at2-the-object-oriented-paradigm-the-coding-conquerors-of-destiny/scenes/game.py", "Python", 0, 393, 0, 45, 64, 502
"/Users/angaddhaliwal/github-classroom/Blacktown-Boys-HS/at2-the-object-oriented-paradigm-the-coding-conquerors-of-destiny/scenes/menu.py", "Python", 0, 210, 0, 24, 39, 273
"/Users/angaddhaliwal/github-classroom/Blacktown-Boys-HS/at2-the-object-oriented-paradigm-the-coding-conquerors-of-destiny/scenes/settings.py", "Python", 0, 121, 0, 7, 21, 149
"/Users/angaddhaliwal/github-classroom/Blacktown-Boys-HS/at2-the-object-oriented-paradigm-the-coding-conquerors-of-destiny/screenshot.py", "Python", 0, 3, 0, 0, 0, 3
"/Users/angaddhaliwal/github-classroom/Blacktown-Boys-HS/at2-the-object-oriented-paradigm-the-coding-conquerors-of-destiny/sounds.py", "Python", 0, 47, 0, 8, 12, 67
"/Users/angaddhaliwal/github-classroom/Blacktown-Boys-HS/at2-the-object-oriented-paradigm-the-coding-conquerors-of-destiny/sprite_sheet.py", "Python", 0, 35, 0, 6, 13, 54
"Total", "-", 23191, 1432, 79, 176, 329, 25207